id,label_gt,label_pred,TP,FP,FN,F1
AA,1,1,1,0,0,1.0
AA_0,0,0,0,0,0,
AA_1,0,0,0,0,0,
AA_2,0,1,0,1,0,
AA_3,0,1,0,1,0,
AA_4,0,1,0,1,0,
AA_5,0,1,0,1,0,
AA_6,0,1,0,1,0,
AA_7,0,1,0,1,0,
AA_8,0,0,0,0,0,
AA_9,0,0,0,0,0,
AA_10,0,0,0,0,0,
AA_11,0,0,0,0,0,
AA_12,0,0,0,0,0,
AA_13,0,0,0,0,0,
AA_14,0,0,0,0,0,
AA_15,0,0,0,0,0,
AA_16,0,1,0,1,0,
AA_17,0,1,0,1,0,
AA_18,0,1,0,1,0,
AA_19,0,1,0,1,0,
AA_20,0,1,0,1,0,
AA_21,0,1,0,1,0,
AA_22,0,1,0,1,0,
AA_23,0,1,0,1,0,
AA_24,0,1,0,1,0,
AA_25,0,1,0,1,0,
AA_26,0,1,0,1,0,
AA_27,0,0,0,0,0,
AA_28,0,0,0,0,0,
AA_29,1,0,0,0,1,
AA_30,1,0,0,0,1,
AA_31,1,0,0,0,1,
AA_32,1,0,0,0,1,
AA_33,1,0,0,0,1,
AA_34,1,0,0,0,1,
AA_35,1,1,1,0,0,1.0
AA_36,1,1,1,0,0,1.0
AA_37,1,1,1,0,0,1.0
AA_38,1,1,1,0,0,1.0
AA_39,0,1,0,1,0,
AA_40,0,1,0,1,0,
AA_41,0,1,0,1,0,
AA_42,0,1,0,1,0,
AA_43,0,1,0,1,0,
AA_44,0,1,0,1,0,
AA_45,0,1,0,1,0,
AA_46,0,1,0,1,0,
AA_47,0,1,0,1,0,
AA_48,0,1,0,1,0,
AA_49,0,1,0,1,0,
AA_50,0,1,0,1,0,
AA_51,0,1,0,1,0,
AA_52,0,1,0,1,0,
AA_53,0,1,0,1,0,
AA_54,0,1,0,1,0,
AA_55,0,0,0,0,0,
AA_56,0,0,0,0,0,
AA_57,0,0,0,0,0,
AA_58,0,0,0,0,0,
AA_59,0,0,0,0,0,
AA_60,0,0,0,0,0,
AA_61,0,0,0,0,0,
AA_62,0,0,0,0,0,
AA_63,0,0,0,0,0,
AA_64,0,0,0,0,0,
AA_65,0,0,0,0,0,
AA_66,0,0,0,0,0,
AA_67,0,0,0,0,0,
AA_68,0,0,0,0,0,
AA_69,0,0,0,0,0,
AA_70,0,0,0,0,0,
AA_71,0,0,0,0,0,
AA_72,0,0,0,0,0,
AA_73,0,0,0,0,0,
AA_74,0,0,0,0,0,
AA_75,0,0,0,0,0,
AA_76,0,0,0,0,0,
AA_77,0,0,0,0,0,
AA_78,0,0,0,0,0,
AA_79,0,0,0,0,0,
AA_80,0,0,0,0,0,
AA_81,0,0,0,0,0,
AA_82,0,0,0,0,0,
AA_83,0,0,0,0,0,
AA_84,0,0,0,0,0,
AA_85,0,0,0,0,0,
AA_86,0,0,0,0,0,
AA_87,0,0,0,0,0,
AA_88,0,0,0,0,0,
AA_89,0,0,0,0,0,
AB,1,1,1,0,0,1.0
AB_0,0,0,0,0,0,
AB_1,0,0,0,0,0,
AB_2,0,0,0,0,0,
AB_3,0,0,0,0,0,
AB_4,0,0,0,0,0,
AB_5,0,1,0,1,0,
AB_6,0,1,0,1,0,
AB_7,0,1,0,1,0,
AB_8,0,1,0,1,0,
AB_9,0,1,0,1,0,
AB_10,0,1,0,1,0,
AB_11,0,1,0,1,0,
AB_12,0,1,0,1,0,
AB_13,0,1,0,1,0,
AB_14,0,0,0,0,0,
AB_15,0,0,0,0,0,
AB_16,0,0,0,0,0,
AB_17,0,0,0,0,0,
AB_18,0,0,0,0,0,
AB_19,0,1,0,1,0,
AB_20,0,0,0,0,0,
AB_21,0,0,0,0,0,
AB_22,0,0,0,0,0,
AB_23,0,0,0,0,0,
AB_24,0,1,0,1,0,
AB_25,0,0,0,0,0,
AB_26,0,0,0,0,0,
AB_27,0,0,0,0,0,
AB_28,0,0,0,0,0,
AB_29,0,0,0,0,0,
AB_30,0,0,0,0,0,
AB_31,0,0,0,0,0,
AB_32,0,0,0,0,0,
AB_33,0,0,0,0,0,
AB_34,0,0,0,0,0,
AB_35,0,0,0,0,0,
AB_36,0,0,0,0,0,
AB_37,0,0,0,0,0,
AB_38,0,0,0,0,0,
AB_39,0,0,0,0,0,
AB_40,0,0,0,0,0,
AB_41,0,1,0,1,0,
AB_42,0,1,0,1,0,
AB_43,0,1,0,1,0,
AB_44,0,1,0,1,0,
AB_45,0,1,0,1,0,
AB_46,1,1,1,0,0,1.0
AB_47,1,1,1,0,0,1.0
AB_48,1,1,1,0,0,1.0
AB_49,1,1,1,0,0,1.0
AB_50,0,1,0,1,0,
AB_51,0,1,0,1,0,
AB_52,0,1,0,1,0,
AB_53,0,1,0,1,0,
AB_54,0,1,0,1,0,
AB_55,0,1,0,1,0,
AB_56,0,0,0,0,0,
AB_57,0,0,0,0,0,
AB_58,0,0,0,0,0,
AB_59,0,0,0,0,0,
AB_60,0,0,0,0,0,
AB_61,0,0,0,0,0,
AB_62,0,0,0,0,0,
AB_63,0,0,0,0,0,
AB_64,0,0,0,0,0,
AB_65,0,0,0,0,0,
AB_66,0,0,0,0,0,
AB_67,0,0,0,0,0,
AB_68,0,0,0,0,0,
AB_69,0,1,0,1,0,
AB_70,0,1,0,1,0,
AB_71,0,0,0,0,0,
AB_72,0,1,0,1,0,
AB_73,0,1,0,1,0,
AB_74,0,1,0,1,0,
AB_75,0,1,0,1,0,
AB_76,0,1,0,1,0,
AB_77,0,0,0,0,0,
AB_78,0,0,0,0,0,
AB_79,0,0,0,0,0,
AB_80,0,0,0,0,0,
AB_81,0,0,0,0,0,
AB_82,0,0,0,0,0,
AB_83,0,0,0,0,0,
AB_84,0,0,0,0,0,
AB_85,0,0,0,0,0,
AB_86,0,0,0,0,0,
AB_87,0,0,0,0,0,
AB_88,0,0,0,0,0,
AB_89,0,0,0,0,0,
AB_90,0,0,0,0,0,
AB_91,0,0,0,0,0,
AB_92,0,0,0,0,0,
AB_93,0,0,0,0,0,
AB_94,0,0,0,0,0,
AC,0,1,0,1,0,
AC_0,0,0,0,0,0,
AC_1,0,0,0,0,0,
AC_2,0,0,0,0,0,
AC_3,0,0,0,0,0,
AC_4,0,0,0,0,0,
AC_5,0,0,0,0,0,
AC_6,0,0,0,0,0,
AC_7,0,0,0,0,0,
AC_8,0,0,0,0,0,
AC_9,0,0,0,0,0,
AC_10,0,1,0,1,0,
AC_11,0,1,0,1,0,
AC_12,0,0,0,0,0,
AC_13,0,1,0,1,0,
AC_14,0,1,0,1,0,
AC_15,0,1,0,1,0,
AC_16,0,1,0,1,0,
AC_17,0,1,0,1,0,
AC_18,0,1,0,1,0,
AC_19,0,1,0,1,0,
AC_20,0,1,0,1,0,
AC_21,0,1,0,1,0,
AC_22,0,0,0,0,0,
AC_23,0,0,0,0,0,
AC_24,0,0,0,0,0,
AC_25,0,1,0,1,0,
AC_26,0,1,0,1,0,
AC_27,0,1,0,1,0,
AC_28,0,1,0,1,0,
AC_29,0,1,0,1,0,
AC_30,0,1,0,1,0,
AC_31,0,1,0,1,0,
AC_32,0,1,0,1,0,
AC_33,0,1,0,1,0,
AC_34,0,1,0,1,0,
AC_35,0,1,0,1,0,
AC_36,0,1,0,1,0,
AC_37,0,1,0,1,0,
AC_38,0,1,0,1,0,
AC_39,0,1,0,1,0,
AC_40,0,1,0,1,0,
AC_41,0,1,0,1,0,
AC_42,0,1,0,1,0,
AC_43,0,1,0,1,0,
AC_44,0,1,0,1,0,
AC_45,0,1,0,1,0,
AC_46,0,1,0,1,0,
AC_47,0,1,0,1,0,
AC_48,0,0,0,0,0,
AC_49,0,0,0,0,0,
AC_50,0,0,0,0,0,
AC_51,0,0,0,0,0,
AC_52,0,0,0,0,0,
AC_53,0,0,0,0,0,
AC_54,0,0,0,0,0,
AC_55,0,0,0,0,0,
AC_56,0,0,0,0,0,
AC_57,0,0,0,0,0,
AC_58,0,0,0,0,0,
AC_59,0,0,0,0,0,
AC_60,0,0,0,0,0,
AC_61,0,0,0,0,0,
AC_62,0,0,0,0,0,
AC_63,0,0,0,0,0,
AC_64,0,0,0,0,0,
AC_65,0,0,0,0,0,
AC_66,0,0,0,0,0,
AC_67,0,0,0,0,0,
AC_68,0,0,0,0,0,
AC_69,0,0,0,0,0,
AC_70,0,0,0,0,0,
AC_71,0,1,0,1,0,
AC_72,0,1,0,1,0,
AC_73,0,1,0,1,0,
AC_74,0,1,0,1,0,
AC_75,0,1,0,1,0,
AC_76,0,1,0,1,0,
AC_77,0,1,0,1,0,
AC_78,0,1,0,1,0,
AC_79,0,0,0,0,0,
AC_80,0,1,0,1,0,
AC_81,0,1,0,1,0,
AC_82,0,1,0,1,0,
AC_83,0,1,0,1,0,
AC_84,0,1,0,1,0,
AC_85,0,1,0,1,0,
AC_86,0,1,0,1,0,
AC_87,0,1,0,1,0,
AC_88,0,1,0,1,0,
AC_89,0,1,0,1,0,
AC_90,0,0,0,0,0,
AC_91,0,0,0,0,0,
AC_92,0,0,0,0,0,
AC_93,0,1,0,1,0,
AC_94,0,1,0,1,0,
AC_95,0,1,0,1,0,
AC_96,0,1,0,1,0,
AC_97,0,1,0,1,0,
AC_98,0,0,0,0,0,
AC_99,0,1,0,1,0,
AC_100,0,1,0,1,0,
AC_101,0,1,0,1,0,
AC_102,0,1,0,1,0,
AC_103,0,0,0,0,0,
AC_104,0,0,0,0,0,
AC_105,0,0,0,0,0,
AC_106,0,0,0,0,0,
AC_107,0,0,0,0,0,
AC_108,0,0,0,0,0,
AC_109,0,0,0,0,0,
AC_110,0,0,0,0,0,
AC_111,0,0,0,0,0,
AC_112,0,0,0,0,0,
AD,0,1,0,1,0,
AD_0,0,0,0,0,0,
AD_1,0,0,0,0,0,
AD_2,0,1,0,1,0,
AD_3,0,1,0,1,0,
AD_4,0,1,0,1,0,
AD_5,0,1,0,1,0,
AD_6,0,1,0,1,0,
AD_7,0,1,0,1,0,
AD_8,0,1,0,1,0,
AD_9,0,1,0,1,0,
AD_10,0,1,0,1,0,
AD_11,0,1,0,1,0,
AD_12,0,1,0,1,0,
AD_13,0,1,0,1,0,
AD_14,0,0,0,0,0,
AD_15,0,1,0,1,0,
AD_16,0,0,0,0,0,
AD_17,0,1,0,1,0,
AD_18,0,1,0,1,0,
AD_19,0,1,0,1,0,
AD_20,0,1,0,1,0,
AD_21,0,1,0,1,0,
AD_22,0,1,0,1,0,
AD_23,0,1,0,1,0,
AD_24,0,0,0,0,0,
AD_25,0,1,0,1,0,
AD_26,0,0,0,0,0,
AD_27,0,0,0,0,0,
AD_28,0,0,0,0,0,
AD_29,0,0,0,0,0,
AD_30,0,0,0,0,0,
AD_31,0,1,0,1,0,
AD_32,0,0,0,0,0,
AD_33,0,0,0,0,0,
AD_34,0,0,0,0,0,
AD_35,0,0,0,0,0,
AD_36,0,0,0,0,0,
AD_37,0,0,0,0,0,
AD_38,0,0,0,0,0,
AD_39,0,0,0,0,0,
AD_40,0,0,0,0,0,
AD_41,0,0,0,0,0,
AD_42,0,0,0,0,0,
AD_43,0,1,0,1,0,
AD_44,0,0,0,0,0,
AD_45,0,0,0,0,0,
AD_46,0,0,0,0,0,
AD_47,0,1,0,1,0,
AD_48,0,1,0,1,0,
AD_49,0,1,0,1,0,
AD_50,0,1,0,1,0,
AD_51,0,1,0,1,0,
AD_52,0,1,0,1,0,
AD_53,0,1,0,1,0,
AD_54,0,1,0,1,0,
AD_55,0,0,0,0,0,
AD_56,0,1,0,1,0,
AD_57,0,1,0,1,0,
AD_58,0,0,0,0,0,
AD_59,0,0,0,0,0,
AD_60,0,1,0,1,0,
AD_61,0,1,0,1,0,
AD_62,0,1,0,1,0,
AD_63,0,1,0,1,0,
AD_64,0,1,0,1,0,
AD_65,0,1,0,1,0,
AD_66,0,1,0,1,0,
AD_67,0,1,0,1,0,
AD_68,0,1,0,1,0,
AD_69,0,1,0,1,0,
AD_70,0,1,0,1,0,
AD_71,0,1,0,1,0,
AD_72,0,1,0,1,0,
AD_73,0,1,0,1,0,
AD_74,0,1,0,1,0,
AD_75,0,1,0,1,0,
AD_76,0,1,0,1,0,
AD_77,0,1,0,1,0,
AD_78,0,1,0,1,0,
AD_79,0,1,0,1,0,
AD_80,0,1,0,1,0,
AD_81,0,1,0,1,0,
AD_82,0,1,0,1,0,
AD_83,0,1,0,1,0,
AD_84,0,1,0,1,0,
AD_85,0,1,0,1,0,
AD_86,0,1,0,1,0,
AD_87,0,1,0,1,0,
AD_88,0,1,0,1,0,
AD_89,0,1,0,1,0,
AD_90,0,1,0,1,0,
AD_91,0,1,0,1,0,
AD_92,0,1,0,1,0,
AD_93,0,1,0,1,0,
AD_94,0,1,0,1,0,
AD_95,0,1,0,1,0,
AD_96,0,1,0,1,0,
AD_97,0,1,0,1,0,
AD_98,0,1,0,1,0,
AD_99,0,1,0,1,0,
AD_100,0,1,0,1,0,
AD_101,0,1,0,1,0,
AD_102,0,1,0,1,0,
AD_103,0,0,0,0,0,
AE,1,1,1,0,0,1.0
AE_0,0,0,0,0,0,
AE_1,0,0,0,0,0,
AE_2,0,0,0,0,0,
AE_3,0,1,0,1,0,
AE_4,0,1,0,1,0,
AE_5,0,0,0,0,0,
AE_6,0,0,0,0,0,
AE_7,0,0,0,0,0,
AE_8,0,0,0,0,0,
AE_9,0,0,0,0,0,
AE_10,0,0,0,0,0,
AE_11,0,1,0,1,0,
AE_12,0,1,0,1,0,
AE_13,0,1,0,1,0,
AE_14,0,1,0,1,0,
AE_15,0,1,0,1,0,
AE_16,0,1,0,1,0,
AE_17,0,1,0,1,0,
AE_18,0,1,0,1,0,
AE_19,0,1,0,1,0,
AE_20,0,1,0,1,0,
AE_21,0,1,0,1,0,
AE_22,0,1,0,1,0,
AE_23,0,1,0,1,0,
AE_24,0,0,0,0,0,
AE_25,0,0,0,0,0,
AE_26,0,0,0,0,0,
AE_27,0,0,0,0,0,
AE_28,0,1,0,1,0,
AE_29,0,1,0,1,0,
AE_30,0,1,0,1,0,
AE_31,0,1,0,1,0,
AE_32,0,1,0,1,0,
AE_33,0,1,0,1,0,
AE_34,0,1,0,1,0,
AE_35,1,0,0,0,1,
AE_36,1,0,0,0,1,
AE_37,1,0,0,0,1,
AE_38,1,0,0,0,1,
AE_39,1,0,0,0,1,
AE_40,1,1,1,0,0,1.0
AE_41,1,1,1,0,0,1.0
AE_42,1,1,1,0,0,1.0
AE_43,0,1,0,1,0,
AE_44,0,1,0,1,0,
AE_45,0,1,0,1,0,
AE_46,0,1,0,1,0,
AE_47,0,1,0,1,0,
AE_48,0,1,0,1,0,
AE_49,0,1,0,1,0,
AE_50,0,1,0,1,0,
AE_51,0,1,0,1,0,
AE_52,0,1,0,1,0,
AE_53,0,0,0,0,0,
AE_54,0,0,0,0,0,
AE_55,0,0,0,0,0,
AE_56,0,0,0,0,0,
AE_57,0,0,0,0,0,
AE_58,0,0,0,0,0,
AE_59,0,0,0,0,0,
AE_60,0,0,0,0,0,
AE_61,0,0,0,0,0,
AE_62,0,0,0,0,0,
AE_63,0,0,0,0,0,
AE_64,0,0,0,0,0,
AE_65,0,0,0,0,0,
AE_66,0,0,0,0,0,
AE_67,0,0,0,0,0,
AE_68,0,1,0,1,0,
AE_69,0,1,0,1,0,
AE_70,0,1,0,1,0,
AE_71,0,1,0,1,0,
AE_72,0,1,0,1,0,
AE_73,0,1,0,1,0,
AE_74,0,1,0,1,0,
AE_75,0,1,0,1,0,
AE_76,0,1,0,1,0,
AE_77,0,1,0,1,0,
AE_78,0,1,0,1,0,
AE_79,0,1,0,1,0,
AE_80,0,0,0,0,0,
AE_81,0,0,0,0,0,
AE_82,0,0,0,0,0,
AE_83,0,0,0,0,0,
AE_84,0,0,0,0,0,
AE_85,0,0,0,0,0,
AE_86,0,0,0,0,0,
AE_87,0,0,0,0,0,
AE_88,0,0,0,0,0,
AE_89,0,0,0,0,0,
AF,1,1,1,0,0,1.0
AF_0,0,0,0,0,0,
AF_1,0,0,0,0,0,
AF_2,0,0,0,0,0,
AF_3,0,0,0,0,0,
AF_4,0,0,0,0,0,
AF_5,0,0,0,0,0,
AF_6,0,1,0,1,0,
AF_7,0,1,0,1,0,
AF_8,0,0,0,0,0,
AF_9,0,0,0,0,0,
AF_10,0,0,0,0,0,
AF_11,0,0,0,0,0,
AF_12,0,0,0,0,0,
AF_13,0,0,0,0,0,
AF_14,0,1,0,1,0,
AF_15,0,1,0,1,0,
AF_16,0,1,0,1,0,
AF_17,0,1,0,1,0,
AF_18,0,1,0,1,0,
AF_19,0,1,0,1,0,
AF_20,0,1,0,1,0,
AF_21,0,1,0,1,0,
AF_22,0,1,0,1,0,
AF_23,0,1,0,1,0,
AF_24,0,1,0,1,0,
AF_25,1,1,1,0,0,1.0
AF_26,1,1,1,0,0,1.0
AF_27,1,1,1,0,0,1.0
AF_28,1,1,1,0,0,1.0
AF_29,1,1,1,0,0,1.0
AF_30,1,1,1,0,0,1.0
AF_31,1,1,1,0,0,1.0
AF_32,1,1,1,0,0,1.0
AF_33,1,1,1,0,0,1.0
AF_34,1,1,1,0,0,1.0
AF_35,1,1,1,0,0,1.0
AF_36,1,1,1,0,0,1.0
AF_37,0,1,0,1,0,
AF_38,0,1,0,1,0,
AF_39,0,1,0,1,0,
AF_40,0,1,0,1,0,
AF_41,0,0,0,0,0,
AF_42,0,0,0,0,0,
AF_43,0,0,0,0,0,
AF_44,0,0,0,0,0,
AF_45,0,1,0,1,0,
AF_46,0,1,0,1,0,
AF_47,0,0,0,0,0,
AF_48,0,1,0,1,0,
AF_49,0,1,0,1,0,
AF_50,0,0,0,0,0,
AF_51,0,0,0,0,0,
AF_52,0,0,0,0,0,
AF_53,0,0,0,0,0,
AF_54,0,1,0,1,0,
AF_55,0,0,0,0,0,
AF_56,0,0,0,0,0,
AF_57,0,0,0,0,0,
AF_58,0,0,0,0,0,
AF_59,0,0,0,0,0,
AF_60,0,0,0,0,0,
AF_61,0,0,0,0,0,
AF_62,0,0,0,0,0,
AF_63,0,0,0,0,0,
AF_64,0,0,0,0,0,
AF_65,0,1,0,1,0,
AF_66,0,1,0,1,0,
AF_67,0,1,0,1,0,
AF_68,0,1,0,1,0,
AF_69,0,1,0,1,0,
AF_70,0,1,0,1,0,
AF_71,0,1,0,1,0,
AF_72,0,1,0,1,0,
AF_73,0,0,0,0,0,
AF_74,0,0,0,0,0,
AF_75,0,0,0,0,0,
AF_76,0,0,0,0,0,
AF_77,0,0,0,0,0,
AF_78,0,0,0,0,0,
AF_79,0,0,0,0,0,
AF_80,0,0,0,0,0,
AF_81,0,0,0,0,0,
AF_82,0,0,0,0,0,
AF_83,0,0,0,0,0,
AF_84,0,1,0,1,0,
AF_85,0,1,0,1,0,
AF_86,0,1,0,1,0,
AF_87,0,0,0,0,0,
AF_88,0,0,0,0,0,
AF_89,0,1,0,1,0,
AF_90,0,1,0,1,0,
AF_91,0,0,0,0,0,
AF_92,0,1,0,1,0,
AF_93,0,1,0,1,0,
AF_94,0,1,0,1,0,
AF_95,0,1,0,1,0,
AF_96,0,1,0,1,0,
AF_97,0,0,0,0,0,
AF_98,0,0,0,0,0,
AG,0,1,0,1,0,
AG_0,0,0,0,0,0,
AG_1,0,0,0,0,0,
AG_2,0,0,0,0,0,
AG_3,0,0,0,0,0,
AG_4,0,0,0,0,0,
AG_5,0,1,0,1,0,
AG_6,0,1,0,1,0,
AG_7,0,1,0,1,0,
AG_8,0,0,0,0,0,
AG_9,0,0,0,0,0,
AG_10,0,0,0,0,0,
AG_11,0,1,0,1,0,
AG_12,0,0,0,0,0,
AG_13,0,1,0,1,0,
AG_14,0,1,0,1,0,
AG_15,0,0,0,0,0,
AG_16,0,1,0,1,0,
AG_17,0,1,0,1,0,
AG_18,0,1,0,1,0,
AG_19,0,1,0,1,0,
AG_20,0,1,0,1,0,
AG_21,0,1,0,1,0,
AG_22,0,1,0,1,0,
AG_23,0,1,0,1,0,
AG_24,0,1,0,1,0,
AG_25,0,1,0,1,0,
AG_26,0,1,0,1,0,
AG_27,0,1,0,1,0,
AG_28,0,1,0,1,0,
AG_29,0,1,0,1,0,
AG_30,0,1,0,1,0,
AG_31,0,1,0,1,0,
AG_32,0,1,0,1,0,
AG_33,0,1,0,1,0,
AG_34,0,1,0,1,0,
AG_35,0,1,0,1,0,
AG_36,0,1,0,1,0,
AG_37,0,1,0,1,0,
AG_38,0,1,0,1,0,
AG_39,0,0,0,0,0,
AG_40,0,1,0,1,0,
AG_41,0,1,0,1,0,
AG_42,0,1,0,1,0,
AG_43,0,1,0,1,0,
AG_44,0,1,0,1,0,
AG_45,0,0,0,0,0,
AG_46,0,1,0,1,0,
AG_47,0,1,0,1,0,
AG_48,0,1,0,1,0,
AG_49,0,1,0,1,0,
AG_50,0,1,0,1,0,
AG_51,0,1,0,1,0,
AG_52,0,1,0,1,0,
AG_53,0,1,0,1,0,
AG_54,0,1,0,1,0,
AG_55,0,1,0,1,0,
AG_56,0,1,0,1,0,
AG_57,0,1,0,1,0,
AG_58,0,1,0,1,0,
AG_59,0,1,0,1,0,
AG_60,0,1,0,1,0,
AG_61,0,1,0,1,0,
AG_62,0,1,0,1,0,
AG_63,0,1,0,1,0,
AG_64,0,1,0,1,0,
AG_65,0,1,0,1,0,
AG_66,0,1,0,1,0,
AG_67,0,1,0,1,0,
AG_68,0,1,0,1,0,
AG_69,0,1,0,1,0,
AG_70,0,1,0,1,0,
AG_71,0,0,0,0,0,
AG_72,0,1,0,1,0,
AG_73,0,1,0,1,0,
AG_74,0,1,0,1,0,
AG_75,0,0,0,0,0,
AG_76,0,0,0,0,0,
AG_77,0,1,0,1,0,
AG_78,0,0,0,0,0,
AG_79,0,1,0,1,0,
AG_80,0,1,0,1,0,
AG_81,0,0,0,0,0,
AG_82,0,0,0,0,0,
AG_83,0,0,0,0,0,
AG_84,0,0,0,0,0,
AG_85,0,0,0,0,0,
AG_86,0,1,0,1,0,
AG_87,0,1,0,1,0,
AG_88,0,1,0,1,0,
AG_89,0,1,0,1,0,
AG_90,0,1,0,1,0,
AG_91,0,1,0,1,0,
AG_92,0,1,0,1,0,
AG_93,0,1,0,1,0,
AG_94,0,0,0,0,0,
AG_95,0,0,0,0,0,
AG_96,0,0,0,0,0,
AG_97,0,0,0,0,0,
AG_98,0,0,0,0,0,
AG_99,0,0,0,0,0,
AG_100,0,0,0,0,0,
AG_101,0,0,0,0,0,
AG_102,0,0,0,0,0,
AH,1,1,1,0,0,1.0
AH_0,0,0,0,0,0,
AH_1,0,0,0,0,0,
AH_2,0,0,0,0,0,
AH_3,0,0,0,0,0,
AH_4,0,1,0,1,0,
AH_5,0,1,0,1,0,
AH_6,0,0,0,0,0,
AH_7,0,0,0,0,0,
AH_8,0,1,0,1,0,
AH_9,0,1,0,1,0,
AH_10,0,1,0,1,0,
AH_11,0,1,0,1,0,
AH_12,0,1,0,1,0,
AH_13,0,1,0,1,0,
AH_14,0,1,0,1,0,
AH_15,0,1,0,1,0,
AH_16,0,1,0,1,0,
AH_17,0,1,0,1,0,
AH_18,0,1,0,1,0,
AH_19,0,1,0,1,0,
AH_20,0,1,0,1,0,
AH_21,0,1,0,1,0,
AH_22,0,1,0,1,0,
AH_23,0,1,0,1,0,
AH_24,0,1,0,1,0,
AH_25,0,1,0,1,0,
AH_26,0,1,0,1,0,
AH_27,0,1,0,1,0,
AH_28,0,1,0,1,0,
AH_29,0,1,0,1,0,
AH_30,0,0,0,0,0,
AH_31,1,0,0,0,1,
AH_32,1,0,0,0,1,
AH_33,1,1,1,0,0,1.0
AH_34,1,1,1,0,0,1.0
AH_35,1,0,0,0,1,
AH_36,1,0,0,0,1,
AH_37,1,1,1,0,0,1.0
AH_38,1,1,1,0,0,1.0
AH_39,1,1,1,0,0,1.0
AH_40,1,1,1,0,0,1.0
AH_41,1,0,0,0,1,
AH_42,1,0,0,0,1,
AH_43,1,1,1,0,0,1.0
AH_44,1,1,1,0,0,1.0
AH_45,1,1,1,0,0,1.0
AH_46,1,0,0,0,1,
AH_47,0,0,0,0,0,
AH_48,0,0,0,0,0,
AH_49,0,0,0,0,0,
AH_50,0,0,0,0,0,
AH_51,0,0,0,0,0,
AH_52,0,0,0,0,0,
AH_53,0,0,0,0,0,
AH_54,0,0,0,0,0,
AH_55,0,0,0,0,0,
AH_56,0,0,0,0,0,
AH_57,0,0,0,0,0,
AH_58,0,1,0,1,0,
AH_59,0,1,0,1,0,
AH_60,0,1,0,1,0,
AH_61,0,1,0,1,0,
AH_62,0,0,0,0,0,
AH_63,0,0,0,0,0,
AH_64,0,1,0,1,0,
AH_65,0,1,0,1,0,
AH_66,0,1,0,1,0,
AH_67,0,1,0,1,0,
AH_68,0,1,0,1,0,
AH_69,0,1,0,1,0,
AH_70,0,1,0,1,0,
AH_71,0,1,0,1,0,
AH_72,0,1,0,1,0,
AH_73,0,1,0,1,0,
AH_74,0,1,0,1,0,
AH_75,0,1,0,1,0,
AH_76,0,1,0,1,0,
AH_77,0,1,0,1,0,
AH_78,0,1,0,1,0,
AH_79,0,1,0,1,0,
AH_80,0,1,0,1,0,
AH_81,0,1,0,1,0,
AH_82,0,1,0,1,0,
AH_83,0,1,0,1,0,
AH_84,0,1,0,1,0,
AH_85,0,1,0,1,0,
AH_86,0,1,0,1,0,
AH_87,0,1,0,1,0,
AH_88,0,1,0,1,0,
AH_89,0,0,0,0,0,
AH_90,0,0,0,0,0,
AH_91,0,0,0,0,0,
AH_92,0,0,0,0,0,
AI,1,1,1,0,0,1.0
AI_0,0,0,0,0,0,
AI_1,0,0,0,0,0,
AI_2,0,0,0,0,0,
AI_3,0,1,0,1,0,
AI_4,0,1,0,1,0,
AI_5,0,0,0,0,0,
AI_6,0,0,0,0,0,
AI_7,0,0,0,0,0,
AI_8,0,0,0,0,0,
AI_9,0,0,0,0,0,
AI_10,0,0,0,0,0,
AI_11,0,0,0,0,0,
AI_12,0,0,0,0,0,
AI_13,0,0,0,0,0,
AI_14,0,0,0,0,0,
AI_15,0,1,0,1,0,
AI_16,0,1,0,1,0,
AI_17,0,1,0,1,0,
AI_18,0,1,0,1,0,
AI_19,0,1,0,1,0,
AI_20,0,1,0,1,0,
AI_21,0,1,0,1,0,
AI_22,0,1,0,1,0,
AI_23,0,1,0,1,0,
AI_24,0,1,0,1,0,
AI_25,0,1,0,1,0,
AI_26,0,1,0,1,0,
AI_27,0,1,0,1,0,
AI_28,0,1,0,1,0,
AI_29,0,1,0,1,0,
AI_30,0,1,0,1,0,
AI_31,1,1,1,0,0,1.0
AI_32,1,1,1,0,0,1.0
AI_33,1,0,0,0,1,
AI_34,1,1,1,0,0,1.0
AI_35,1,1,1,0,0,1.0
AI_36,1,1,1,0,0,1.0
AI_37,0,1,0,1,0,
AI_38,0,1,0,1,0,
AI_39,0,1,0,1,0,
AI_40,0,1,0,1,0,
AI_41,0,1,0,1,0,
AI_42,0,1,0,1,0,
AI_43,0,1,0,1,0,
AI_44,0,1,0,1,0,
AI_45,0,1,0,1,0,
AI_46,0,1,0,1,0,
AI_47,0,0,0,0,0,
AI_48,0,0,0,0,0,
AI_49,0,0,0,0,0,
AI_50,0,0,0,0,0,
AI_51,0,0,0,0,0,
AI_52,0,1,0,1,0,
AI_53,0,1,0,1,0,
AI_54,0,1,0,1,0,
AI_55,0,0,0,0,0,
AI_56,0,0,0,0,0,
AI_57,0,0,0,0,0,
AI_58,0,0,0,0,0,
AI_59,0,0,0,0,0,
AI_60,0,0,0,0,0,
AI_61,0,0,0,0,0,
AI_62,0,0,0,0,0,
AI_63,0,0,0,0,0,
AI_64,0,0,0,0,0,
AI_65,0,1,0,1,0,
AI_66,0,1,0,1,0,
AI_67,0,1,0,1,0,
AI_68,0,1,0,1,0,
AI_69,0,1,0,1,0,
AI_70,0,1,0,1,0,
AI_71,0,0,0,0,0,
AI_72,0,0,0,0,0,
AI_73,0,0,0,0,0,
AI_74,0,0,0,0,0,
AI_75,0,0,0,0,0,
AI_76,0,0,0,0,0,
AI_77,0,1,0,1,0,
AI_78,0,1,0,1,0,
AI_79,0,1,0,1,0,
AI_80,0,1,0,1,0,
AI_81,0,1,0,1,0,
AI_82,0,1,0,1,0,
AI_83,0,1,0,1,0,
AI_84,0,1,0,1,0,
AI_85,0,1,0,1,0,
AI_86,0,1,0,1,0,
AI_87,0,1,0,1,0,
AI_88,0,1,0,1,0,
AI_89,0,1,0,1,0,
AI_90,0,1,0,1,0,
AI_91,0,1,0,1,0,
AI_92,0,1,0,1,0,
AI_93,0,1,0,1,0,
AI_94,0,1,0,1,0,
AI_95,0,1,0,1,0,
AI_96,0,1,0,1,0,
AI_97,0,1,0,1,0,
AI_98,0,1,0,1,0,
AI_99,0,1,0,1,0,
AI_100,0,0,0,0,0,
AJ,0,1,0,1,0,
AJ_0,0,0,0,0,0,
AJ_1,0,0,0,0,0,
AJ_2,0,1,0,1,0,
AJ_3,0,1,0,1,0,
AJ_4,0,1,0,1,0,
AJ_5,0,1,0,1,0,
AJ_6,0,1,0,1,0,
AJ_7,0,1,0,1,0,
AJ_8,0,1,0,1,0,
AJ_9,0,1,0,1,0,
AJ_10,0,1,0,1,0,
AJ_11,0,1,0,1,0,
AJ_12,0,1,0,1,0,
AJ_13,0,1,0,1,0,
AJ_14,0,1,0,1,0,
AJ_15,0,1,0,1,0,
AJ_16,0,1,0,1,0,
AJ_17,0,1,0,1,0,
AJ_18,0,0,0,0,0,
AJ_19,0,0,0,0,0,
AJ_20,0,0,0,0,0,
AJ_21,0,0,0,0,0,
AJ_22,0,0,0,0,0,
AJ_23,0,0,0,0,0,
AJ_24,0,1,0,1,0,
AJ_25,0,0,0,0,0,
AJ_26,0,0,0,0,0,
AJ_27,0,0,0,0,0,
AJ_28,0,0,0,0,0,
AJ_29,0,0,0,0,0,
AJ_30,0,0,0,0,0,
AJ_31,0,0,0,0,0,
AJ_32,0,0,0,0,0,
AJ_33,0,0,0,0,0,
AJ_34,0,0,0,0,0,
AJ_35,0,1,0,1,0,
AJ_36,0,1,0,1,0,
AJ_37,0,0,0,0,0,
AJ_38,0,1,0,1,0,
AJ_39,0,1,0,1,0,
AJ_40,0,1,0,1,0,
AJ_41,0,0,0,0,0,
AJ_42,0,0,0,0,0,
AJ_43,0,1,0,1,0,
AJ_44,0,1,0,1,0,
AJ_45,0,1,0,1,0,
AJ_46,0,1,0,1,0,
AJ_47,0,1,0,1,0,
AJ_48,0,1,0,1,0,
AJ_49,0,1,0,1,0,
AJ_50,0,1,0,1,0,
AJ_51,0,1,0,1,0,
AJ_52,0,1,0,1,0,
AJ_53,0,1,0,1,0,
AJ_54,0,1,0,1,0,
AJ_55,0,1,0,1,0,
AJ_56,0,1,0,1,0,
AJ_57,0,1,0,1,0,
AJ_58,0,1,0,1,0,
AJ_59,0,1,0,1,0,
AJ_60,0,1,0,1,0,
AJ_61,0,1,0,1,0,
AJ_62,0,1,0,1,0,
AJ_63,0,1,0,1,0,
AJ_64,0,1,0,1,0,
AJ_65,0,1,0,1,0,
AJ_66,0,1,0,1,0,
AJ_67,0,1,0,1,0,
AJ_68,0,1,0,1,0,
AJ_69,0,1,0,1,0,
AJ_70,0,1,0,1,0,
AJ_71,0,1,0,1,0,
AJ_72,0,1,0,1,0,
AJ_73,0,1,0,1,0,
AJ_74,0,1,0,1,0,
AJ_75,0,1,0,1,0,
AJ_76,0,1,0,1,0,
AJ_77,0,1,0,1,0,
AJ_78,0,1,0,1,0,
AJ_79,0,1,0,1,0,
AJ_80,0,1,0,1,0,
AJ_81,0,1,0,1,0,
AJ_82,0,1,0,1,0,
AJ_83,0,1,0,1,0,
AJ_84,0,1,0,1,0,
AJ_85,0,0,0,0,0,
AJ_86,0,0,0,0,0,
AJ_87,0,1,0,1,0,
AJ_88,0,0,0,0,0,
AJ_89,0,0,0,0,0,
AJ_90,0,0,0,0,0,
AJ_91,0,0,0,0,0,
AJ_92,0,0,0,0,0,
AJ_93,0,0,0,0,0,
AJ_94,0,0,0,0,0,
AJ_95,0,0,0,0,0,
AJ_96,0,0,0,0,0,
AJ_97,0,0,0,0,0,
AK,1,1,1,0,0,1.0
AK_0,0,0,0,0,0,
AK_1,0,0,0,0,0,
AK_2,0,0,0,0,0,
AK_3,0,0,0,0,0,
AK_4,0,0,0,0,0,
AK_5,0,1,0,1,0,
AK_6,0,1,0,1,0,
AK_7,0,1,0,1,0,
AK_8,0,1,0,1,0,
AK_9,0,1,0,1,0,
AK_10,0,1,0,1,0,
AK_11,0,1,0,1,0,
AK_12,0,1,0,1,0,
AK_13,0,1,0,1,0,
AK_14,0,1,0,1,0,
AK_15,0,1,0,1,0,
AK_16,0,1,0,1,0,
AK_17,0,1,0,1,0,
AK_18,0,1,0,1,0,
AK_19,0,1,0,1,0,
AK_20,0,1,0,1,0,
AK_21,0,1,0,1,0,
AK_22,0,1,0,1,0,
AK_23,0,1,0,1,0,
AK_24,0,1,0,1,0,
AK_25,0,1,0,1,0,
AK_26,0,1,0,1,0,
AK_27,0,1,0,1,0,
AK_28,0,0,0,0,0,
AK_29,0,0,0,0,0,
AK_30,0,1,0,1,0,
AK_31,0,0,0,0,0,
AK_32,0,0,0,0,0,
AK_33,0,0,0,0,0,
AK_34,0,0,0,0,0,
AK_35,0,0,0,0,0,
AK_36,0,0,0,0,0,
AK_37,0,0,0,0,0,
AK_38,0,0,0,0,0,
AK_39,1,0,0,0,1,
AK_40,1,0,0,0,1,
AK_41,1,0,0,0,1,
AK_42,1,0,0,0,1,
AK_43,1,0,0,0,1,
AK_44,1,1,1,0,0,1.0
AK_45,1,1,1,0,0,1.0
AK_46,1,1,1,0,0,1.0
AK_47,0,0,0,0,0,
AK_48,0,0,0,0,0,
AK_49,0,0,0,0,0,
AK_50,0,1,0,1,0,
AK_51,0,1,0,1,0,
AK_52,0,1,0,1,0,
AK_53,0,0,0,0,0,
AK_54,0,0,0,0,0,
AK_55,0,1,0,1,0,
AK_56,0,0,0,0,0,
AK_57,0,0,0,0,0,
AK_58,0,0,0,0,0,
AK_59,0,0,0,0,0,
AK_60,0,0,0,0,0,
AK_61,0,0,0,0,0,
AK_62,0,0,0,0,0,
AK_63,0,0,0,0,0,
AK_64,0,0,0,0,0,
AK_65,0,0,0,0,0,
AK_66,0,0,0,0,0,
AK_67,0,0,0,0,0,
AK_68,0,0,0,0,0,
AK_69,0,0,0,0,0,
AK_70,0,0,0,0,0,
AK_71,0,0,0,0,0,
AK_72,0,0,0,0,0,
AK_73,0,0,0,0,0,
AK_74,0,0,0,0,0,
AK_75,0,1,0,1,0,
AK_76,0,1,0,1,0,
AK_77,0,1,0,1,0,
AK_78,0,1,0,1,0,
AK_79,0,1,0,1,0,
AK_80,0,1,0,1,0,
AK_81,0,1,0,1,0,
AK_82,0,0,0,0,0,
AK_83,0,0,0,0,0,
AK_84,0,0,0,0,0,
AK_85,0,0,0,0,0,
AK_86,0,0,0,0,0,
AK_87,0,0,0,0,0,
AK_88,0,0,0,0,0,
AK_89,0,0,0,0,0,
AK_90,0,0,0,0,0,
AK_91,0,0,0,0,0,
AK_92,0,0,0,0,0,
AK_93,0,1,0,1,0,
AK_94,0,1,0,1,0,
AK_95,0,1,0,1,0,
AK_96,0,1,0,1,0,
AK_97,0,1,0,1,0,
AK_98,0,1,0,1,0,
AK_99,0,1,0,1,0,
AK_100,0,1,0,1,0,
AK_101,0,1,0,1,0,
AK_102,0,1,0,1,0,
AK_103,0,1,0,1,0,
AK_104,0,1,0,1,0,
AK_105,0,0,0,0,0,
AK_106,0,0,0,0,0,
AK_107,0,0,0,0,0,
AK_108,0,0,0,0,0,
AK_109,0,0,0,0,0,
AK_110,0,0,0,0,0,
AL,0,1,0,1,0,
AL_0,0,0,0,0,0,
AL_1,0,0,0,0,0,
AL_2,0,0,0,0,0,
AL_3,0,0,0,0,0,
AL_4,0,1,0,1,0,
AL_5,0,1,0,1,0,
AL_6,0,1,0,1,0,
AL_7,0,1,0,1,0,
AL_8,0,0,0,0,0,
AL_9,0,0,0,0,0,
AL_10,0,0,0,0,0,
AL_11,0,0,0,0,0,
AL_12,0,0,0,0,0,
AL_13,0,0,0,0,0,
AL_14,0,0,0,0,0,
AL_15,0,1,0,1,0,
AL_16,0,1,0,1,0,
AL_17,0,1,0,1,0,
AL_18,0,1,0,1,0,
AL_19,0,1,0,1,0,
AL_20,0,1,0,1,0,
AL_21,0,1,0,1,0,
AL_22,0,1,0,1,0,
AL_23,0,1,0,1,0,
AL_24,0,1,0,1,0,
AL_25,0,1,0,1,0,
AL_26,0,1,0,1,0,
AL_27,0,1,0,1,0,
AL_28,0,1,0,1,0,
AL_29,0,1,0,1,0,
AL_30,0,1,0,1,0,
AL_31,0,0,0,0,0,
AL_32,0,0,0,0,0,
AL_33,0,0,0,0,0,
AL_34,0,1,0,1,0,
AL_35,0,0,0,0,0,
AL_36,0,1,0,1,0,
AL_37,0,0,0,0,0,
AL_38,0,1,0,1,0,
AL_39,0,1,0,1,0,
AL_40,0,1,0,1,0,
AL_41,0,1,0,1,0,
AL_42,0,1,0,1,0,
AL_43,0,0,0,0,0,
AL_44,0,1,0,1,0,
AL_45,0,1,0,1,0,
AL_46,0,1,0,1,0,
AL_47,0,1,0,1,0,
AL_48,0,1,0,1,0,
AL_49,0,1,0,1,0,
AL_50,0,1,0,1,0,
AL_51,0,1,0,1,0,
AL_52,0,1,0,1,0,
AL_53,0,1,0,1,0,
AL_54,0,1,0,1,0,
AL_55,0,1,0,1,0,
AL_56,0,1,0,1,0,
AL_57,0,1,0,1,0,
AL_58,0,1,0,1,0,
AL_59,0,0,0,0,0,
AL_60,0,0,0,0,0,
AL_61,0,0,0,0,0,
AL_62,0,1,0,1,0,
AL_63,0,1,0,1,0,
AL_64,0,1,0,1,0,
AL_65,0,1,0,1,0,
AL_66,0,1,0,1,0,
AL_67,0,1,0,1,0,
AL_68,0,1,0,1,0,
AL_69,0,1,0,1,0,
AL_70,0,0,0,0,0,
AL_71,0,0,0,0,0,
AL_72,0,0,0,0,0,
AL_73,0,0,0,0,0,
AL_74,0,0,0,0,0,
AL_75,0,0,0,0,0,
AL_76,0,0,0,0,0,
AL_77,0,0,0,0,0,
AL_78,0,0,0,0,0,
AL_79,0,0,0,0,0,
AL_80,0,0,0,0,0,
AL_81,0,0,0,0,0,
AL_82,0,0,0,0,0,
AL_83,0,0,0,0,0,
AL_84,0,0,0,0,0,
AL_85,0,0,0,0,0,
AL_86,0,0,0,0,0,
AL_87,0,0,0,0,0,
AL_88,0,0,0,0,0,
AL_89,0,0,0,0,0,
AL_90,0,0,0,0,0,
AL_91,0,0,0,0,0,
AL_92,0,0,0,0,0,
AL_93,0,0,0,0,0,
AL_94,0,0,0,0,0,
AM,1,1,1,0,0,1.0
AM_0,0,0,0,0,0,
AM_1,0,0,0,0,0,
AM_2,0,0,0,0,0,
AM_3,0,0,0,0,0,
AM_4,0,0,0,0,0,
AM_5,0,0,0,0,0,
AM_6,0,0,0,0,0,
AM_7,0,0,0,0,0,
AM_8,0,0,0,0,0,
AM_9,0,1,0,1,0,
AM_10,0,1,0,1,0,
AM_11,0,0,0,0,0,
AM_12,0,0,0,0,0,
AM_13,0,0,0,0,0,
AM_14,0,0,0,0,0,
AM_15,0,0,0,0,0,
AM_16,0,1,0,1,0,
AM_17,0,1,0,1,0,
AM_18,0,0,0,0,0,
AM_19,0,1,0,1,0,
AM_20,0,1,0,1,0,
AM_21,0,1,0,1,0,
AM_22,0,0,0,0,0,
AM_23,0,0,0,0,0,
AM_24,0,1,0,1,0,
AM_25,0,1,0,1,0,
AM_26,0,1,0,1,0,
AM_27,1,1,1,0,0,1.0
AM_28,1,1,1,0,0,1.0
AM_29,1,1,1,0,0,1.0
AM_30,1,1,1,0,0,1.0
AM_31,0,1,0,1,0,
AM_32,0,1,0,1,0,
AM_33,0,1,0,1,0,
AM_34,0,1,0,1,0,
AM_35,0,1,0,1,0,
AM_36,0,1,0,1,0,
AM_37,0,1,0,1,0,
AM_38,0,1,0,1,0,
AM_39,0,1,0,1,0,
AM_40,0,1,0,1,0,
AM_41,0,1,0,1,0,
AM_42,0,1,0,1,0,
AM_43,0,1,0,1,0,
AM_44,0,1,0,1,0,
AM_45,0,1,0,1,0,
AM_46,0,1,0,1,0,
AM_47,0,1,0,1,0,
AM_48,0,1,0,1,0,
AM_49,0,1,0,1,0,
AM_50,0,1,0,1,0,
AM_51,0,0,0,0,0,
AM_52,0,0,0,0,0,
AM_53,0,0,0,0,0,
AM_54,0,0,0,0,0,
AM_55,0,0,0,0,0,
AM_56,0,1,0,1,0,
AM_57,0,1,0,1,0,
AM_58,0,0,0,0,0,
AM_59,0,0,0,0,0,
AM_60,0,0,0,0,0,
AM_61,0,0,0,0,0,
AM_62,0,0,0,0,0,
AM_63,0,0,0,0,0,
AM_64,0,0,0,0,0,
AM_65,0,0,0,0,0,
AM_66,0,0,0,0,0,
AM_67,0,0,0,0,0,
AM_68,0,0,0,0,0,
AM_69,0,0,0,0,0,
AM_70,0,0,0,0,0,
AM_71,0,0,0,0,0,
AM_72,0,0,0,0,0,
AM_73,0,0,0,0,0,
AM_74,0,0,0,0,0,
AM_75,0,0,0,0,0,
AM_76,0,0,0,0,0,
AM_77,0,0,0,0,0,
AM_78,0,0,0,0,0,
AM_79,0,0,0,0,0,
AM_80,0,0,0,0,0,
AM_81,0,0,0,0,0,
AM_82,0,0,0,0,0,
AM_83,0,0,0,0,0,
AM_84,0,0,0,0,0,
AN,1,1,1,0,0,1.0
AN_0,0,0,0,0,0,
AN_1,0,0,0,0,0,
AN_2,0,0,0,0,0,
AN_3,0,0,0,0,0,
AN_4,0,0,0,0,0,
AN_5,0,0,0,0,0,
AN_6,0,0,0,0,0,
AN_7,0,0,0,0,0,
AN_8,0,0,0,0,0,
AN_9,0,0,0,0,0,
AN_10,0,0,0,0,0,
AN_11,0,0,0,0,0,
AN_12,0,1,0,1,0,
AN_13,0,1,0,1,0,
AN_14,0,1,0,1,0,
AN_15,0,1,0,1,0,
AN_16,0,1,0,1,0,
AN_17,0,1,0,1,0,
AN_18,0,1,0,1,0,
AN_19,0,1,0,1,0,
AN_20,0,1,0,1,0,
AN_21,0,1,0,1,0,
AN_22,0,1,0,1,0,
AN_23,0,1,0,1,0,
AN_24,0,1,0,1,0,
AN_25,0,1,0,1,0,
AN_26,0,1,0,1,0,
AN_27,0,0,0,0,0,
AN_28,0,0,0,0,0,
AN_29,0,0,0,0,0,
AN_30,0,0,0,0,0,
AN_31,1,0,0,0,1,
AN_32,1,0,0,0,1,
AN_33,1,0,0,0,1,
AN_34,1,0,0,0,1,
AN_35,1,1,1,0,0,1.0
AN_36,1,1,1,0,0,1.0
AN_37,1,1,1,0,0,1.0
AN_38,1,1,1,0,0,1.0
AN_39,1,1,1,0,0,1.0
AN_40,1,1,1,0,0,1.0
AN_41,1,1,1,0,0,1.0
AN_42,1,1,1,0,0,1.0
AN_43,1,1,1,0,0,1.0
AN_44,1,1,1,0,0,1.0
AN_45,0,1,0,1,0,
AN_46,0,1,0,1,0,
AN_47,0,1,0,1,0,
AN_48,0,1,0,1,0,
AN_49,0,1,0,1,0,
AN_50,0,0,0,0,0,
AN_51,0,1,0,1,0,
AN_52,0,1,0,1,0,
AN_53,0,1,0,1,0,
AN_54,0,1,0,1,0,
AN_55,0,1,0,1,0,
AN_56,0,1,0,1,0,
AN_57,0,1,0,1,0,
AN_58,0,1,0,1,0,
AN_59,0,1,0,1,0,
AN_60,0,1,0,1,0,
AN_61,0,1,0,1,0,
AN_62,0,1,0,1,0,
AN_63,0,1,0,1,0,
AN_64,0,1,0,1,0,
AN_65,0,1,0,1,0,
AN_66,0,1,0,1,0,
AN_67,0,1,0,1,0,
AN_68,0,1,0,1,0,
AN_69,0,1,0,1,0,
AN_70,0,0,0,0,0,
AN_71,0,0,0,0,0,
AN_72,0,0,0,0,0,
AN_73,0,0,0,0,0,
AN_74,0,0,0,0,0,
AN_75,0,0,0,0,0,
AN_76,0,0,0,0,0,
AN_77,0,0,0,0,0,
AN_78,0,0,0,0,0,
AN_79,0,0,0,0,0,
AN_80,0,0,0,0,0,
AN_81,0,0,0,0,0,
AN_82,0,0,0,0,0,
AN_83,0,0,0,0,0,
AN_84,0,0,0,0,0,
AN_85,0,0,0,0,0,
AN_86,0,0,0,0,0,
AN_87,0,0,0,0,0,
AN_88,0,0,0,0,0,
AN_89,0,0,0,0,0,
AN_90,0,0,0,0,0,
AN_91,0,0,0,0,0,
AO,1,1,1,0,0,1.0
AO_0,0,0,0,0,0,
AO_1,0,0,0,0,0,
AO_2,0,0,0,0,0,
AO_3,0,0,0,0,0,
AO_4,0,0,0,0,0,
AO_5,0,0,0,0,0,
AO_6,0,0,0,0,0,
AO_7,0,0,0,0,0,
AO_8,0,0,0,0,0,
AO_9,0,0,0,0,0,
AO_10,0,0,0,0,0,
AO_11,0,0,0,0,0,
AO_12,0,0,0,0,0,
AO_13,0,0,0,0,0,
AO_14,0,1,0,1,0,
AO_15,0,1,0,1,0,
AO_16,0,1,0,1,0,
AO_17,0,1,0,1,0,
AO_18,0,1,0,1,0,
AO_19,0,1,0,1,0,
AO_20,0,1,0,1,0,
AO_21,0,1,0,1,0,
AO_22,0,1,0,1,0,
AO_23,0,1,0,1,0,
AO_24,0,1,0,1,0,
AO_25,0,1,0,1,0,
AO_26,0,1,0,1,0,
AO_27,0,1,0,1,0,
AO_28,0,1,0,1,0,
AO_29,0,1,0,1,0,
AO_30,0,1,0,1,0,
AO_31,0,1,0,1,0,
AO_32,0,1,0,1,0,
AO_33,0,1,0,1,0,
AO_34,0,1,0,1,0,
AO_35,0,1,0,1,0,
AO_36,0,1,0,1,0,
AO_37,1,1,1,0,0,1.0
AO_38,1,1,1,0,0,1.0
AO_39,1,1,1,0,0,1.0
AO_40,1,1,1,0,0,1.0
AO_41,1,1,1,0,0,1.0
AO_42,1,1,1,0,0,1.0
AO_43,1,1,1,0,0,1.0
AO_44,1,1,1,0,0,1.0
AO_45,1,1,1,0,0,1.0
AO_46,1,1,1,0,0,1.0
AO_47,0,1,0,1,0,
AO_48,0,1,0,1,0,
AO_49,0,1,0,1,0,
AO_50,0,1,0,1,0,
AO_51,0,1,0,1,0,
AO_52,0,1,0,1,0,
AO_53,0,1,0,1,0,
AO_54,0,1,0,1,0,
AO_55,0,1,0,1,0,
AO_56,0,1,0,1,0,
AO_57,0,1,0,1,0,
AO_58,0,1,0,1,0,
AO_59,0,1,0,1,0,
AO_60,0,1,0,1,0,
AO_61,0,1,0,1,0,
AO_62,0,1,0,1,0,
AO_63,0,0,0,0,0,
AO_64,0,1,0,1,0,
AO_65,0,1,0,1,0,
AO_66,0,0,0,0,0,
AO_67,0,1,0,1,0,
AO_68,0,1,0,1,0,
AO_69,0,1,0,1,0,
AO_70,0,1,0,1,0,
AO_71,0,1,0,1,0,
AO_72,0,1,0,1,0,
AO_73,0,1,0,1,0,
AO_74,0,0,0,0,0,
AO_75,0,0,0,0,0,
AO_76,0,0,0,0,0,
AO_77,0,0,0,0,0,
AO_78,0,0,0,0,0,
AO_79,0,0,0,0,0,
AO_80,0,0,0,0,0,
AO_81,0,0,0,0,0,
AO_82,0,0,0,0,0,
AO_83,0,0,0,0,0,
AO_84,0,0,0,0,0,
AO_85,0,0,0,0,0,
AO_86,0,0,0,0,0,
AO_87,0,0,0,0,0,
AP,0,1,0,1,0,
AP_0,0,0,0,0,0,
AP_1,0,0,0,0,0,
AP_2,0,0,0,0,0,
AP_3,0,0,0,0,0,
AP_4,0,0,0,0,0,
AP_5,0,0,0,0,0,
AP_6,0,1,0,1,0,
AP_7,0,0,0,0,0,
AP_8,0,0,0,0,0,
AP_9,0,1,0,1,0,
AP_10,0,1,0,1,0,
AP_11,0,1,0,1,0,
AP_12,0,1,0,1,0,
AP_13,0,1,0,1,0,
AP_14,0,1,0,1,0,
AP_15,0,1,0,1,0,
AP_16,0,1,0,1,0,
AP_17,0,1,0,1,0,
AP_18,0,1,0,1,0,
AP_19,0,1,0,1,0,
AP_20,0,1,0,1,0,
AP_21,0,1,0,1,0,
AP_22,0,1,0,1,0,
AP_23,0,1,0,1,0,
AP_24,0,1,0,1,0,
AP_25,0,0,0,0,0,
AP_26,0,0,0,0,0,
AP_27,0,0,0,0,0,
AP_28,0,1,0,1,0,
AP_29,0,1,0,1,0,
AP_30,0,1,0,1,0,
AP_31,0,1,0,1,0,
AP_32,0,1,0,1,0,
AP_33,0,1,0,1,0,
AP_34,0,1,0,1,0,
AP_35,0,1,0,1,0,
AP_36,0,1,0,1,0,
AP_37,0,0,0,0,0,
AP_38,0,0,0,0,0,
AP_39,0,1,0,1,0,
AP_40,0,1,0,1,0,
AP_41,0,1,0,1,0,
AP_42,0,0,0,0,0,
AP_43,0,0,0,0,0,
AP_44,0,0,0,0,0,
AP_45,0,0,0,0,0,
AP_46,0,0,0,0,0,
AP_47,0,0,0,0,0,
AP_48,0,0,0,0,0,
AP_49,0,0,0,0,0,
AP_50,0,0,0,0,0,
AP_51,0,0,0,0,0,
AP_52,0,1,0,1,0,
AP_53,0,0,0,0,0,
AP_54,0,0,0,0,0,
AP_55,0,1,0,1,0,
AP_56,0,1,0,1,0,
AP_57,0,0,0,0,0,
AP_58,0,1,0,1,0,
AP_59,0,1,0,1,0,
AP_60,0,1,0,1,0,
AP_61,0,1,0,1,0,
AP_62,0,0,0,0,0,
AP_63,0,0,0,0,0,
AP_64,0,0,0,0,0,
AP_65,0,0,0,0,0,
AP_66,0,0,0,0,0,
AP_67,0,1,0,1,0,
AP_68,0,1,0,1,0,
AP_69,0,1,0,1,0,
AP_70,0,1,0,1,0,
AP_71,0,1,0,1,0,
AP_72,0,1,0,1,0,
AP_73,0,0,0,0,0,
AP_74,0,0,0,0,0,
AP_75,0,0,0,0,0,
AP_76,0,0,0,0,0,
AP_77,0,0,0,0,0,
AP_78,0,0,0,0,0,
AP_79,0,1,0,1,0,
AP_80,0,1,0,1,0,
AP_81,0,1,0,1,0,
AP_82,0,1,0,1,0,
AP_83,0,1,0,1,0,
AP_84,0,0,0,0,0,
AP_85,0,1,0,1,0,
AP_86,0,0,0,0,0,
AP_87,0,1,0,1,0,
AP_88,0,1,0,1,0,
AP_89,0,1,0,1,0,
AP_90,0,1,0,1,0,
AP_91,0,1,0,1,0,
AP_92,0,1,0,1,0,
AP_93,0,1,0,1,0,
AP_94,0,1,0,1,0,
AP_95,0,1,0,1,0,
AP_96,0,1,0,1,0,
AP_97,0,0,0,0,0,
AQ,0,1,0,1,0,
AQ_0,0,0,0,0,0,
AQ_1,0,0,0,0,0,
AQ_2,0,0,0,0,0,
AQ_3,0,1,0,1,0,
AQ_4,0,1,0,1,0,
AQ_5,0,1,0,1,0,
AQ_6,0,1,0,1,0,
AQ_7,0,1,0,1,0,
AQ_8,0,1,0,1,0,
AQ_9,0,1,0,1,0,
AQ_10,0,1,0,1,0,
AQ_11,0,1,0,1,0,
AQ_12,0,1,0,1,0,
AQ_13,0,1,0,1,0,
AQ_14,0,1,0,1,0,
AQ_15,0,1,0,1,0,
AQ_16,0,1,0,1,0,
AQ_17,0,1,0,1,0,
AQ_18,0,1,0,1,0,
AQ_19,0,1,0,1,0,
AQ_20,0,1,0,1,0,
AQ_21,0,1,0,1,0,
AQ_22,0,1,0,1,0,
AQ_23,0,1,0,1,0,
AQ_24,0,1,0,1,0,
AQ_25,0,0,0,0,0,
AQ_26,0,0,0,0,0,
AQ_27,0,0,0,0,0,
AQ_28,0,0,0,0,0,
AQ_29,0,0,0,0,0,
AQ_30,0,0,0,0,0,
AQ_31,0,0,0,0,0,
AQ_32,0,0,0,0,0,
AQ_33,0,0,0,0,0,
AQ_34,0,0,0,0,0,
AQ_35,0,0,0,0,0,
AQ_36,0,0,0,0,0,
AQ_37,0,0,0,0,0,
AQ_38,0,0,0,0,0,
AQ_39,0,0,0,0,0,
AQ_40,0,0,0,0,0,
AQ_41,0,1,0,1,0,
AQ_42,0,0,0,0,0,
AQ_43,0,1,0,1,0,
AQ_44,0,0,0,0,0,
AQ_45,0,0,0,0,0,
AQ_46,0,0,0,0,0,
AQ_47,0,0,0,0,0,
AQ_48,0,0,0,0,0,
AQ_49,0,0,0,0,0,
AQ_50,0,0,0,0,0,
AQ_51,0,1,0,1,0,
AQ_52,0,1,0,1,0,
AQ_53,0,1,0,1,0,
AQ_54,0,1,0,1,0,
AQ_55,0,1,0,1,0,
AQ_56,0,1,0,1,0,
AQ_57,0,1,0,1,0,
AQ_58,0,1,0,1,0,
AQ_59,0,1,0,1,0,
AQ_60,0,1,0,1,0,
AQ_61,0,1,0,1,0,
AQ_62,0,1,0,1,0,
AQ_63,0,1,0,1,0,
AQ_64,0,1,0,1,0,
AQ_65,0,1,0,1,0,
AQ_66,0,1,0,1,0,
AQ_67,0,1,0,1,0,
AQ_68,0,1,0,1,0,
AQ_69,0,1,0,1,0,
AQ_70,0,1,0,1,0,
AQ_71,0,1,0,1,0,
AQ_72,0,1,0,1,0,
AQ_73,0,1,0,1,0,
AQ_74,0,1,0,1,0,
AQ_75,0,1,0,1,0,
AQ_76,0,1,0,1,0,
AQ_77,0,0,0,0,0,
AQ_78,0,1,0,1,0,
AQ_79,0,1,0,1,0,
AQ_80,0,1,0,1,0,
AQ_81,0,0,0,0,0,
AQ_82,0,0,0,0,0,
AQ_83,0,0,0,0,0,
AQ_84,0,0,0,0,0,
AQ_85,0,0,0,0,0,
AQ_86,0,0,0,0,0,
AQ_87,0,0,0,0,0,
AQ_88,0,0,0,0,0,
AQ_89,0,0,0,0,0,
AQ_90,0,0,0,0,0,
AQ_91,0,0,0,0,0,
AQ_92,0,0,0,0,0,
AQ_93,0,0,0,0,0,
AQ_94,0,0,0,0,0,
AR,0,1,0,1,0,
AR_0,0,0,0,0,0,
AR_1,0,0,0,0,0,
AR_2,0,0,0,0,0,
AR_3,0,1,0,1,0,
AR_4,0,1,0,1,0,
AR_5,0,1,0,1,0,
AR_6,0,1,0,1,0,
AR_7,0,1,0,1,0,
AR_8,0,1,0,1,0,
AR_9,0,1,0,1,0,
AR_10,0,1,0,1,0,
AR_11,0,1,0,1,0,
AR_12,0,1,0,1,0,
AR_13,0,0,0,0,0,
AR_14,0,1,0,1,0,
AR_15,0,1,0,1,0,
AR_16,0,1,0,1,0,
AR_17,0,1,0,1,0,
AR_18,0,0,0,0,0,
AR_19,0,1,0,1,0,
AR_20,0,1,0,1,0,
AR_21,0,1,0,1,0,
AR_22,0,1,0,1,0,
AR_23,0,1,0,1,0,
AR_24,0,1,0,1,0,
AR_25,0,1,0,1,0,
AR_26,0,1,0,1,0,
AR_27,0,1,0,1,0,
AR_28,0,1,0,1,0,
AR_29,0,1,0,1,0,
AR_30,0,1,0,1,0,
AR_31,0,0,0,0,0,
AR_32,0,0,0,0,0,
AR_33,0,1,0,1,0,
AR_34,0,1,0,1,0,
AR_35,0,0,0,0,0,
AR_36,0,0,0,0,0,
AR_37,0,0,0,0,0,
AR_38,0,0,0,0,0,
AR_39,0,0,0,0,0,
AR_40,0,0,0,0,0,
AR_41,0,0,0,0,0,
AR_42,0,0,0,0,0,
AR_43,0,0,0,0,0,
AR_44,0,0,0,0,0,
AR_45,0,0,0,0,0,
AR_46,0,0,0,0,0,
AR_47,0,0,0,0,0,
AR_48,0,1,0,1,0,
AR_49,0,1,0,1,0,
AR_50,0,1,0,1,0,
AR_51,0,0,0,0,0,
AR_52,0,0,0,0,0,
AR_53,0,0,0,0,0,
AR_54,0,0,0,0,0,
AR_55,0,0,0,0,0,
AR_56,0,0,0,0,0,
AR_57,0,0,0,0,0,
AR_58,0,0,0,0,0,
AR_59,0,0,0,0,0,
AR_60,0,0,0,0,0,
AR_61,0,0,0,0,0,
AR_62,0,0,0,0,0,
AR_63,0,0,0,0,0,
AR_64,0,0,0,0,0,
AR_65,0,0,0,0,0,
AR_66,0,1,0,1,0,
AR_67,0,1,0,1,0,
AR_68,0,1,0,1,0,
AR_69,0,1,0,1,0,
AR_70,0,1,0,1,0,
AR_71,0,1,0,1,0,
AR_72,0,0,0,0,0,
AR_73,0,1,0,1,0,
AR_74,0,1,0,1,0,
AR_75,0,1,0,1,0,
AR_76,0,1,0,1,0,
AR_77,0,1,0,1,0,
AR_78,0,1,0,1,0,
AR_79,0,1,0,1,0,
AR_80,0,1,0,1,0,
AR_81,0,1,0,1,0,
AR_82,0,1,0,1,0,
AR_83,0,1,0,1,0,
AR_84,0,1,0,1,0,
AR_85,0,1,0,1,0,
AR_86,0,1,0,1,0,
AR_87,0,1,0,1,0,
AR_88,0,1,0,1,0,
AR_89,0,1,0,1,0,
AR_90,0,1,0,1,0,
AR_91,0,1,0,1,0,
AR_92,0,1,0,1,0,
AR_93,0,1,0,1,0,
AR_94,0,1,0,1,0,
AR_95,0,0,0,0,0,
AS,0,1,0,1,0,
AS_0,0,0,0,0,0,
AS_1,0,0,0,0,0,
AS_2,0,1,0,1,0,
AS_3,0,1,0,1,0,
AS_4,0,0,0,0,0,
AS_5,0,0,0,0,0,
AS_6,0,0,0,0,0,
AS_7,0,0,0,0,0,
AS_8,0,1,0,1,0,
AS_9,0,0,0,0,0,
AS_10,0,0,0,0,0,
AS_11,0,0,0,0,0,
AS_12,0,1,0,1,0,
AS_13,0,1,0,1,0,
AS_14,0,1,0,1,0,
AS_15,0,1,0,1,0,
AS_16,0,1,0,1,0,
AS_17,0,1,0,1,0,
AS_18,0,1,0,1,0,
AS_19,0,0,0,0,0,
AS_20,0,1,0,1,0,
AS_21,0,1,0,1,0,
AS_22,0,1,0,1,0,
AS_23,0,1,0,1,0,
AS_24,0,1,0,1,0,
AS_25,0,1,0,1,0,
AS_26,0,0,0,0,0,
AS_27,0,1,0,1,0,
AS_28,0,1,0,1,0,
AS_29,0,1,0,1,0,
AS_30,0,0,0,0,0,
AS_31,0,0,0,0,0,
AS_32,0,0,0,0,0,
AS_33,0,0,0,0,0,
AS_34,0,0,0,0,0,
AS_35,0,1,0,1,0,
AS_36,0,1,0,1,0,
AS_37,0,1,0,1,0,
AS_38,0,0,0,0,0,
AS_39,0,1,0,1,0,
AS_40,0,1,0,1,0,
AS_41,0,0,0,0,0,
AS_42,0,0,0,0,0,
AS_43,0,0,0,0,0,
AS_44,0,0,0,0,0,
AS_45,0,0,0,0,0,
AS_46,0,1,0,1,0,
AS_47,0,1,0,1,0,
AS_48,0,0,0,0,0,
AS_49,0,0,0,0,0,
AS_50,0,0,0,0,0,
AS_51,0,1,0,1,0,
AS_52,0,1,0,1,0,
AS_53,0,1,0,1,0,
AS_54,0,1,0,1,0,
AS_55,0,0,0,0,0,
AS_56,0,0,0,0,0,
AS_57,0,1,0,1,0,
AS_58,0,1,0,1,0,
AS_59,0,0,0,0,0,
AS_60,0,1,0,1,0,
AS_61,0,1,0,1,0,
AS_62,0,0,0,0,0,
AS_63,0,0,0,0,0,
AS_64,0,1,0,1,0,
AS_65,0,1,0,1,0,
AS_66,0,0,0,0,0,
AS_67,0,0,0,0,0,
AS_68,0,0,0,0,0,
AS_69,0,0,0,0,0,
AS_70,0,0,0,0,0,
AS_71,0,0,0,0,0,
AS_72,0,0,0,0,0,
AS_73,0,0,0,0,0,
AS_74,0,0,0,0,0,
AS_75,0,0,0,0,0,
AS_76,0,0,0,0,0,
AS_77,0,0,0,0,0,
AS_78,0,0,0,0,0,
AS_79,0,0,0,0,0,
AS_80,0,0,0,0,0,
AS_81,0,0,0,0,0,
AS_82,0,0,0,0,0,
AS_83,0,0,0,0,0,
AS_84,0,0,0,0,0,
AS_85,0,0,0,0,0,
AS_86,0,0,0,0,0,
AS_87,0,0,0,0,0,
AT,0,1,0,1,0,
AT_0,0,0,0,0,0,
AT_1,0,0,0,0,0,
AT_2,0,0,0,0,0,
AT_3,0,0,0,0,0,
AT_4,0,0,0,0,0,
AT_5,0,0,0,0,0,
AT_6,0,0,0,0,0,
AT_7,0,1,0,1,0,
AT_8,0,1,0,1,0,
AT_9,0,1,0,1,0,
AT_10,0,1,0,1,0,
AT_11,0,1,0,1,0,
AT_12,0,1,0,1,0,
AT_13,0,1,0,1,0,
AT_14,0,1,0,1,0,
AT_15,0,1,0,1,0,
AT_16,0,1,0,1,0,
AT_17,0,1,0,1,0,
AT_18,0,0,0,0,0,
AT_19,0,0,0,0,0,
AT_20,0,1,0,1,0,
AT_21,0,1,0,1,0,
AT_22,0,0,0,0,0,
AT_23,0,0,0,0,0,
AT_24,0,0,0,0,0,
AT_25,0,0,0,0,0,
AT_26,0,0,0,0,0,
AT_27,0,0,0,0,0,
AT_28,0,0,0,0,0,
AT_29,0,0,0,0,0,
AT_30,0,0,0,0,0,
AT_31,0,0,0,0,0,
AT_32,0,0,0,0,0,
AT_33,0,0,0,0,0,
AT_34,0,0,0,0,0,
AT_35,0,0,0,0,0,
AT_36,0,0,0,0,0,
AT_37,0,1,0,1,0,
AT_38,0,1,0,1,0,
AT_39,0,1,0,1,0,
AT_40,0,0,0,0,0,
AT_41,0,0,0,0,0,
AT_42,0,1,0,1,0,
AT_43,0,1,0,1,0,
AT_44,0,1,0,1,0,
AT_45,0,1,0,1,0,
AT_46,0,1,0,1,0,
AT_47,0,1,0,1,0,
AT_48,0,1,0,1,0,
AT_49,0,1,0,1,0,
AT_50,0,1,0,1,0,
AT_51,0,1,0,1,0,
AT_52,0,1,0,1,0,
AT_53,0,1,0,1,0,
AT_54,0,1,0,1,0,
AT_55,0,1,0,1,0,
AT_56,0,1,0,1,0,
AT_57,0,1,0,1,0,
AT_58,0,1,0,1,0,
AT_59,0,1,0,1,0,
AT_60,0,1,0,1,0,
AT_61,0,1,0,1,0,
AT_62,0,1,0,1,0,
AT_63,0,1,0,1,0,
AT_64,0,1,0,1,0,
AT_65,0,1,0,1,0,
AT_66,0,1,0,1,0,
AT_67,0,1,0,1,0,
AT_68,0,1,0,1,0,
AT_69,0,1,0,1,0,
AT_70,0,1,0,1,0,
AT_71,0,0,0,0,0,
AT_72,0,0,0,0,0,
AT_73,0,0,0,0,0,
AT_74,0,0,0,0,0,
AT_75,0,0,0,0,0,
AT_76,0,0,0,0,0,
AT_77,0,0,0,0,0,
AT_78,0,0,0,0,0,
AT_79,0,0,0,0,0,
AT_80,0,0,0,0,0,
AT_81,0,0,0,0,0,
AT_82,0,0,0,0,0,
AT_83,0,0,0,0,0,
AT_84,0,0,0,0,0,
AT_85,0,0,0,0,0,
AT_86,0,0,0,0,0,
AT_87,0,0,0,0,0,
AT_88,0,0,0,0,0,
AT_89,0,0,0,0,0,
AT_90,0,0,0,0,0,
AT_91,0,0,0,0,0,
